{
    "COVIDQU_Test": {
        "Global Accuracy": 0.9897481101220962,
        "Dice (DSC)": 0.9766181804674404,
        "IoU / Jaccard": 0.9549972449062183
    },
    "JSRT_Test": {
        "Global Accuracy": 0.9848380146721597,
        "Dice (DSC)": 0.9746423672567978,
        "IoU / Jaccard": 0.9506835155641502
    }
}