{
    "image_id": "Atelectasis_generated_0",
    "dice_pseudo": 0.990422487319643,
    "anatomical_score": 0.7720125275144376,
    "final_score": 0.8812175074170403,
    "metrics": {
        "area_ratio": 0.26818847656248973,
        "num_components": 2,
        "balance_diff": 0.09902708238505648,
        "height_ratio": 0.767578125,
        "smoothness": 2990058.604061933
    }
}