{
    "image_id": "Atelectasis_generated_4",
    "dice_pseudo": 0.9899714828896554,
    "anatomical_score": 0.7754426325441307,
    "final_score": 0.8827070577168931,
    "metrics": {
        "area_ratio": 0.23986816406249084,
        "num_components": 2,
        "balance_diff": 0.035591603053429455,
        "height_ratio": 0.72265625,
        "smoothness": 3059318.70228959
    }
}