{
    "image_id": "Atelectasis_generated_3",
    "dice_pseudo": 0.9885602785322543,
    "anatomical_score": 0.743257985229069,
    "final_score": 0.8659091318806617,
    "metrics": {
        "area_ratio": 0.19871520996092992,
        "num_components": 2,
        "balance_diff": 0.013706519235196632,
        "height_ratio": 0.572265625,
        "smoothness": 2903013.2385965404
    }
}