{
    "image_id": "Atelectasis_generated_1",
    "dice_pseudo": 0.9914745752438442,
    "anatomical_score": 0.7123309696310769,
    "final_score": 0.8519027724374606,
    "metrics": {
        "area_ratio": 0.18837738037108656,
        "num_components": 2,
        "balance_diff": 0.07913814750312277,
        "height_ratio": 0.478515625,
        "smoothness": 2421202.227531809
    }
}