{
    "image_id": "Atelectasis_generated_2",
    "dice_pseudo": 0.9672937700673943,
    "anatomical_score": 0.0,
    "final_score": 0.4836468850336971,
    "metrics": {
        "area_ratio": 0.15407943725585938,
        "num_components": 2,
        "balance_diff": 456704317142556.1,
        "height_ratio": 0.462890625,
        "solidity": 1.0,
        "smoothness": 2535614.385010885
    }
}