{
    "image_id": "Cardiomegaly_generated_6",
    "dice_pseudo": 0.9783473265575467,
    "anatomical_score": 0.689841191748127,
    "final_score": 0.8340942591528369,
    "metrics": {
        "area_ratio": 0.15419006347655662,
        "num_components": 2,
        "balance_diff": 0.19940623453730844,
        "height_ratio": 0.515625,
        "smoothness": 2635748.6392868296
    }
}