{
    "image_id": "Cardiomegaly_generated_8",
    "dice_pseudo": 0.9840201530490058,
    "anatomical_score": 0.7248280596013348,
    "final_score": 0.8544241063251703,
    "metrics": {
        "area_ratio": 0.20037460327147671,
        "num_components": 2,
        "balance_diff": 0.1786700173243896,
        "height_ratio": 0.6328125,
        "smoothness": 2807680.638528222
    }
}