{
    "image_id": "Consolidation_generated_14",
    "dice_pseudo": 0.9804493778532826,
    "anatomical_score": 0.7538427463202937,
    "final_score": 0.8671460620867881,
    "metrics": {
        "area_ratio": 0.21445465087889806,
        "num_components": 2,
        "balance_diff": 0.05421751040591017,
        "height_ratio": 0.65234375,
        "smoothness": 2588619.1326616765
    }
}