{
    "image_id": "Consolidation_generated_13",
    "dice_pseudo": 0.9729052989597208,
    "anatomical_score": 0.7163218933871184,
    "final_score": 0.8446135961734196,
    "metrics": {
        "area_ratio": 0.18443679809569608,
        "num_components": 2,
        "balance_diff": 0.24941570663297083,
        "height_ratio": 0.67578125,
        "smoothness": 2961833.6759802764
    }
}