{
    "image_id": "Consolidation_generated_11",
    "dice_pseudo": 0.9604471384019677,
    "anatomical_score": 0.7065085856677158,
    "final_score": 0.8334778620348418,
    "metrics": {
        "area_ratio": 0.1726837158203059,
        "num_components": 2,
        "balance_diff": 0.20363170451528595,
        "height_ratio": 0.58984375,
        "smoothness": 2571587.3486784105
    }
}