{
    "image_id": "Edema_generated_16",
    "dice_pseudo": 0.9894635244912008,
    "anatomical_score": 0.7656076972608562,
    "final_score": 0.8775356108760285,
    "metrics": {
        "area_ratio": 0.26054000854491194,
        "num_components": 2,
        "balance_diff": 0.1389332201056913,
        "height_ratio": 0.74609375,
        "smoothness": 3094977.3089645393
    }
}