{
    "image_id": "Edema_generated_18",
    "dice_pseudo": 0.9754049075654986,
    "anatomical_score": 0.714075222097805,
    "final_score": 0.8447400648316519,
    "metrics": {
        "area_ratio": 0.19580459594725816,
        "num_components": 2,
        "balance_diff": 0.18985368894773133,
        "height_ratio": 0.58984375,
        "smoothness": 2793640.1571231093
    }
}