{
    "image_id": "Edema_generated_19",
    "dice_pseudo": 0.9521787064646462,
    "anatomical_score": 0.7732566387046851,
    "final_score": 0.8627176725846657,
    "metrics": {
        "area_ratio": 0.2629890441894431,
        "num_components": 2,
        "balance_diff": 0.01544799176106882,
        "height_ratio": 0.662109375,
        "smoothness": 2502908.37128813
    }
}