{
    "image_id": "Effusion_generated_23",
    "dice_pseudo": 0.9902751316061844,
    "anatomical_score": 0.7505400346146073,
    "final_score": 0.8704075831103959,
    "metrics": {
        "area_ratio": 0.2111778259277263,
        "num_components": 2,
        "balance_diff": 0.15645152549718086,
        "height_ratio": 0.759765625,
        "smoothness": 3331012.778409413
    }
}