{
    "image_id": "Effusion_generated_24",
    "dice_pseudo": 0.9812366520898183,
    "anatomical_score": 0.72111933893901,
    "final_score": 0.8511779955144141,
    "metrics": {
        "area_ratio": 0.2224121093749915,
        "num_components": 2,
        "balance_diff": 0.08363062568604493,
        "height_ratio": 0.490234375,
        "smoothness": 2309423.59057658
    }
}