{
    "image_id": "Effusion_generated_22",
    "dice_pseudo": 0.9863214411158627,
    "anatomical_score": 0.5365979300546311,
    "final_score": 0.7614596855852469,
    "metrics": {
        "area_ratio": 0.19018936157226562,
        "num_components": 2,
        "balance_diff": 0.15610646448840562,
        "height_ratio": 0.6015625,
        "solidity": 1.0,
        "smoothness": 3133412.8106377977
    }
}