{
    "image_id": "Effusion_generated_22",
    "dice_pseudo": 0.9863214411158627,
    "anatomical_score": 0.7210237459379838,
    "final_score": 0.8536725935269233,
    "metrics": {
        "area_ratio": 0.19018936157225835,
        "num_components": 2,
        "balance_diff": 0.15610646448840562,
        "height_ratio": 0.6015625,
        "smoothness": 3133412.8106377977
    }
}