{
    "image_id": "Effusion_generated_20",
    "dice_pseudo": 0.9709934012478847,
    "anatomical_score": 0.7343064266158856,
    "final_score": 0.8526499139318852,
    "metrics": {
        "area_ratio": 0.19298553466796137,
        "num_components": 2,
        "balance_diff": 0.09745008895036619,
        "height_ratio": 0.61328125,
        "smoothness": 2687523.480924553
    }
}