{
    "image_id": "Emphysema_generated_26",
    "dice_pseudo": 0.9894458224433595,
    "anatomical_score": 0.5600369955787685,
    "final_score": 0.774741409011064,
    "metrics": {
        "area_ratio": 0.22942352294921875,
        "num_components": 2,
        "balance_diff": 0.10944098965779166,
        "height_ratio": 0.671875,
        "solidity": 1.0,
        "smoothness": 3004510.2794215353
    }
}