{
    "image_id": "Emphysema_generated_27",
    "dice_pseudo": 0.9887938859441157,
    "anatomical_score": 0.7686207530169822,
    "final_score": 0.8787073194805489,
    "metrics": {
        "area_ratio": 0.34058380126951826,
        "num_components": 2,
        "balance_diff": 0.0739454761317988,
        "height_ratio": 0.69921875,
        "smoothness": 2579619.722900184
    }
}