{
    "image_id": "Emphysema_generated_28",
    "dice_pseudo": 0.9843756075935803,
    "anatomical_score": 0.7663607587794247,
    "final_score": 0.8753681831865026,
    "metrics": {
        "area_ratio": 0.2445259094238188,
        "num_components": 2,
        "balance_diff": 0.07611425718786351,
        "height_ratio": 0.79296875,
        "smoothness": 2893842.264940813
    }
}