{
    "image_id": "Emphysema_generated_26",
    "dice_pseudo": 0.9894458224433595,
    "anatomical_score": 0.7507112969104236,
    "final_score": 0.8700785596768916,
    "metrics": {
        "area_ratio": 0.22942352294920998,
        "num_components": 2,
        "balance_diff": 0.10944098965779166,
        "height_ratio": 0.671875,
        "smoothness": 3004510.2794215353
    }
}