{
    "image_id": "Fibrosis_generated_32",
    "dice_pseudo": 0.9920458249248623,
    "anatomical_score": 0.7671000013065776,
    "final_score": 0.87957291311572,
    "metrics": {
        "area_ratio": 0.27495193481444263,
        "num_components": 2,
        "balance_diff": 0.09552284362555385,
        "height_ratio": 0.693359375,
        "smoothness": 2582761.929602705
    }
}