{
    "image_id": "Fibrosis_generated_32",
    "dice_pseudo": 0.9920458249248623,
    "anatomical_score": 0.573188462659024,
    "final_score": 0.7826171437919431,
    "metrics": {
        "area_ratio": 0.2749519348144531,
        "num_components": 2,
        "balance_diff": 0.09552284362555385,
        "height_ratio": 0.693359375,
        "solidity": 1.0,
        "smoothness": 2582761.929602705
    }
}