{
    "image_id": "Fibrosis_generated_33",
    "dice_pseudo": 0.9755766891958761,
    "anatomical_score": 0.760030245569363,
    "final_score": 0.8678034673826196,
    "metrics": {
        "area_ratio": 0.3891296386718601,
        "num_components": 2,
        "balance_diff": 0.1053054662379318,
        "height_ratio": 0.7421875,
        "smoothness": 2483936.1314796405
    }
}