{
    "image_id": "Fibrosis_generated_34",
    "dice_pseudo": 0.9880012121289635,
    "anatomical_score": 0.7434651128543597,
    "final_score": 0.8657331624916615,
    "metrics": {
        "area_ratio": 0.2943687438964731,
        "num_components": 2,
        "balance_diff": 0.20173131001591332,
        "height_ratio": 0.85546875,
        "smoothness": 3161607.736791224
    }
}