{
    "image_id": "Hernia_generated_39",
    "dice_pseudo": 0.9890483383684867,
    "anatomical_score": 0.7264713532760836,
    "final_score": 0.8577598458222851,
    "metrics": {
        "area_ratio": 0.20182800292967978,
        "num_components": 2,
        "balance_diff": 0.14202011038025592,
        "height_ratio": 0.603515625,
        "smoothness": 2956532.188420852
    }
}