{
    "image_id": "Hernia_generated_35",
    "dice_pseudo": 0.9865422870576144,
    "anatomical_score": 0.7630819299305329,
    "final_score": 0.8748121084940736,
    "metrics": {
        "area_ratio": 0.25245666503905284,
        "num_components": 2,
        "balance_diff": 0.04152311876699282,
        "height_ratio": 0.64453125,
        "smoothness": 2668504.9501355896
    }
}