{
    "image_id": "Hernia_generated_36",
    "dice_pseudo": 0.9888579651774853,
    "anatomical_score": 0.7366117695585709,
    "final_score": 0.8627348673680281,
    "metrics": {
        "area_ratio": 0.20048904418944546,
        "num_components": 2,
        "balance_diff": 0.04107920923948455,
        "height_ratio": 0.560546875,
        "smoothness": 2765235.8510754486
    }
}