{
    "image_id": "Hernia_generated_37",
    "dice_pseudo": 0.978103791476546,
    "anatomical_score": 0.7532195621256802,
    "final_score": 0.8656616768011132,
    "metrics": {
        "area_ratio": 0.24420928955077192,
        "num_components": 2,
        "balance_diff": 0.16826517541938701,
        "height_ratio": 0.7734375,
        "smoothness": 3139178.4201313476
    }
}