{
    "image_id": "Infiltration_generated_42",
    "dice_pseudo": 0.9848697936789287,
    "anatomical_score": 0.7194696750843671,
    "final_score": 0.8521697343816479,
    "metrics": {
        "area_ratio": 0.24764251708983429,
        "num_components": 2,
        "balance_diff": 0.34042946486331366,
        "height_ratio": 0.79296875,
        "smoothness": 2766796.8221444334
    }
}