{
    "image_id": "Infiltration_generated_41",
    "dice_pseudo": 0.9613159458359695,
    "anatomical_score": 0.7400513911589579,
    "final_score": 0.8506836684974637,
    "metrics": {
        "area_ratio": 0.18424606323241483,
        "num_components": 2,
        "balance_diff": 0.15836766806762909,
        "height_ratio": 0.716796875,
        "smoothness": 3172188.464046218
    }
}