{
    "image_id": "Mass_generated_49",
    "dice_pseudo": 0.9905162795414728,
    "anatomical_score": 0.7703558409979968,
    "final_score": 0.8804360602697348,
    "metrics": {
        "area_ratio": 0.29989624023436356,
        "num_components": 2,
        "balance_diff": 0.15284420474201782,
        "height_ratio": 0.76171875,
        "smoothness": 2904748.8666425534
    }
}