{
    "image_id": "Mass_generated_48",
    "dice_pseudo": 0.9933634481004084,
    "anatomical_score": 0.5977282423469334,
    "final_score": 0.795545845223671,
    "metrics": {
        "area_ratio": 0.31479644775390625,
        "num_components": 2,
        "balance_diff": 0.02224861249121177,
        "height_ratio": 0.744140625,
        "solidity": 1.0,
        "smoothness": 2708507.7058235733
    }
}