{
    "image_id": "Mass_generated_48",
    "dice_pseudo": 0.9933634481004084,
    "anatomical_score": 0.7916853437457252,
    "final_score": 0.8925243959230669,
    "metrics": {
        "area_ratio": 0.3147964477538942,
        "num_components": 2,
        "balance_diff": 0.02224861249121177,
        "height_ratio": 0.744140625,
        "smoothness": 2708507.7058235733
    }
}