{
    "image_id": "Mass_generated_47",
    "dice_pseudo": 0.9905216177665227,
    "anatomical_score": 0.7586497441631981,
    "final_score": 0.8745856809648604,
    "metrics": {
        "area_ratio": 0.24912261962889673,
        "num_components": 2,
        "balance_diff": 0.0952745536397735,
        "height_ratio": 0.677734375,
        "smoothness": 2853916.0448499597
    }
}