{
    "image_id": "No Finding_generated_54",
    "dice_pseudo": 0.9819451873760433,
    "anatomical_score": 0.7445739064113769,
    "final_score": 0.8632595468937101,
    "metrics": {
        "area_ratio": 0.30485916137694147,
        "num_components": 2,
        "balance_diff": 0.24339001714275518,
        "height_ratio": 0.80859375,
        "smoothness": 2790764.262922433
    }
}