{
    "image_id": "No Finding_generated_53",
    "dice_pseudo": 0.974080479163049,
    "anatomical_score": 0.7141588762011014,
    "final_score": 0.8441196776820752,
    "metrics": {
        "area_ratio": 0.18412780761718048,
        "num_components": 2,
        "balance_diff": 0.12824231374821243,
        "height_ratio": 0.54296875,
        "smoothness": 2747118.9939498743
    }
}