{
    "image_id": "Nodule_generated_58",
    "dice_pseudo": 0.9916830835880415,
    "anatomical_score": 0.7438023500467593,
    "final_score": 0.8677427168174003,
    "metrics": {
        "area_ratio": 0.2130775451660075,
        "num_components": 2,
        "balance_diff": 0.024329985498679787,
        "height_ratio": 0.568359375,
        "smoothness": 2536153.112411598
    }
}