{
    "image_id": "Pleural_Thickening_generated_63",
    "dice_pseudo": 0.9827599697451173,
    "anatomical_score": 0.7786126300009586,
    "final_score": 0.8806862998730379,
    "metrics": {
        "area_ratio": 0.29191589355467634,
        "num_components": 2,
        "balance_diff": 0.10307877267261212,
        "height_ratio": 0.744140625,
        "smoothness": 2952395.358318573
    }
}