{
    "image_id": "Pleural_Thickening_generated_64",
    "dice_pseudo": 0.9854395110551178,
    "anatomical_score": 0.7748527767373442,
    "final_score": 0.880146143896231,
    "metrics": {
        "area_ratio": 0.2768783569335832,
        "num_components": 2,
        "balance_diff": 0.10363450993357808,
        "height_ratio": 0.7421875,
        "smoothness": 2828956.603909671
    }
}