{
    "image_id": "Pleural_Thickening_generated_61",
    "dice_pseudo": 0.9815679020459365,
    "anatomical_score": 0.7464373049258677,
    "final_score": 0.8640026034859021,
    "metrics": {
        "area_ratio": 0.20292282104491413,
        "num_components": 2,
        "balance_diff": 0.003139392800074605,
        "height_ratio": 0.57421875,
        "smoothness": 2787169.8937864862
    }
}