{
    "image_id": "Pleural_Thickening_generated_60",
    "dice_pseudo": 0.9879006866771876,
    "anatomical_score": 0.7462767343961403,
    "final_score": 0.8670887105366639,
    "metrics": {
        "area_ratio": 0.2548370361328028,
        "num_components": 2,
        "balance_diff": 0.1573259086282023,
        "height_ratio": 0.6640625,
        "smoothness": 3118774.362313167
    }
}