{
    "image_id": "Pleural_Thickening_generated_63",
    "dice_pseudo": 0.9827599697451173,
    "anatomical_score": 0.582293520165678,
    "final_score": 0.7825267449553976,
    "metrics": {
        "area_ratio": 0.2919158935546875,
        "num_components": 2,
        "balance_diff": 0.10307877267261212,
        "height_ratio": 0.744140625,
        "solidity": 1.0,
        "smoothness": 2952395.358318573
    }
}