{
    "image_id": "Pneumonia_generated_66",
    "dice_pseudo": 0.9848351468839008,
    "anatomical_score": 0.7471360188209795,
    "final_score": 0.8659855828524401,
    "metrics": {
        "area_ratio": 0.20854568481444516,
        "num_components": 2,
        "balance_diff": 0.015895662989991424,
        "height_ratio": 0.583984375,
        "smoothness": 3010783.936508257
    }
}