{
    "image_id": "Pneumonia_generated_68",
    "dice_pseudo": 0.9178336543632468,
    "anatomical_score": 0.6562794137557265,
    "final_score": 0.7870565340594866,
    "metrics": {
        "area_ratio": 0.10589218139648034,
        "num_components": 2,
        "balance_diff": 0.29557981195277366,
        "height_ratio": 0.484375,
        "smoothness": 3184737.5229643774
    }
}