{
    "image_id": "Pneumothorax_generated_73",
    "dice_pseudo": 0.9910734228300877,
    "anatomical_score": 0.7648886911682478,
    "final_score": 0.8779810569991677,
    "metrics": {
        "area_ratio": 0.2473182678222562,
        "num_components": 2,
        "balance_diff": 0.015439668070270474,
        "height_ratio": 0.634765625,
        "smoothness": 2671311.609827916
    }
}