{
    "image_id": "Pneumothorax_generated_74",
    "dice_pseudo": 0.9910851840951903,
    "anatomical_score": 0.7455112410994194,
    "final_score": 0.8682982125973049,
    "metrics": {
        "area_ratio": 0.22022247314452284,
        "num_components": 2,
        "balance_diff": 0.08411571106875383,
        "height_ratio": 0.62890625,
        "smoothness": 2861906.4767013923
    }
}