{
    "image_id": "Pneumonia_generated_69",
    "dice_pseudo": 0.9477166943939896,
    "anatomical_score": 0.0,
    "final_score": 0.4738583471969948,
    "metrics": {
        "area_ratio": 0.19890594482421875,
        "num_components": 2,
        "balance_diff": 353778989561313.56,
        "height_ratio": 0.6484375,
        "solidity": 1.0,
        "smoothness": 2764916.823769176
    }
}