{
    "image_id": "Pneumonia_generated_67",
    "dice_pseudo": 0.9793990942227744,
    "anatomical_score": 0.6721698000226373,
    "final_score": 0.8257844471227058,
    "metrics": {
        "area_ratio": 0.13674926757811978,
        "num_components": 2,
        "balance_diff": 0.33681097969193907,
        "height_ratio": 0.576171875,
        "smoothness": 2921047.869475865
    }
}