{
    "image_id": "Pneumonia_generated_67",
    "dice_pseudo": 0.9793990942227744,
    "anatomical_score": 0.49812539350719104,
    "final_score": 0.7387622438649827,
    "metrics": {
        "area_ratio": 0.136749267578125,
        "num_components": 2,
        "balance_diff": 0.33681097969193907,
        "height_ratio": 0.576171875,
        "solidity": 1.0,
        "smoothness": 2921047.869475865
    }
}