{
    "image_id": "Pneumothorax_generated_70",
    "dice_pseudo": 0.9831509506731569,
    "anatomical_score": 0.7611128481741427,
    "final_score": 0.8721318994236498,
    "metrics": {
        "area_ratio": 0.32792282104490933,
        "num_components": 2,
        "balance_diff": 0.11941183997765092,
        "height_ratio": 0.8125,
        "smoothness": 2894053.120528263
    }
}