{
    "image_id": "Atelectasis_generated_0",
    "dice_pseudo": 0.9792544708963876,
    "anatomical_score": 0.5818710717473421,
    "final_score": 0.7805627713218648,
    "metrics": {
        "area_ratio": 0.2681884765625,
        "num_components": 2,
        "balance_diff": 0.09902708238505648,
        "height_ratio": 0.767578125,
        "solidity": 1.0,
        "smoothness": 2990058.604061933
    }
}