{
    "image_id": "Emphysema_generated_28",
    "dice_pseudo": 0.9736620099840584,
    "anatomical_score": 0.5843742926899882,
    "final_score": 0.7790181513370233,
    "metrics": {
        "area_ratio": 0.24452590942382812,
        "num_components": 2,
        "balance_diff": 0.07611425718786351,
        "height_ratio": 0.79296875,
        "solidity": 1.0,
        "smoothness": 2893842.264940813
    }
}