{
    "image_id": "Hernia_generated_35",
    "dice_pseudo": 0.9741107135339195,
    "anatomical_score": 0.5698633380796523,
    "final_score": 0.7719870258067859,
    "metrics": {
        "area_ratio": 0.2524566650390625,
        "num_components": 2,
        "balance_diff": 0.04152311876699282,
        "height_ratio": 0.64453125,
        "solidity": 1.0,
        "smoothness": 2668504.9501355896
    }
}