{
    "image_id": "Mass_generated_46",
    "dice_pseudo": 0.9418003894995299,
    "anatomical_score": 0.0,
    "final_score": 0.47090019474976497,
    "metrics": {
        "area_ratio": 0.24886322021484375,
        "num_components": 2,
        "balance_diff": 282760723408239.44,
        "height_ratio": 0.736328125,
        "solidity": 1.0,
        "smoothness": 2599709.2281335113
    }
}