{
    "image_id": "No Finding_generated_54",
    "dice_pseudo": 0.9673196799958717,
    "anatomical_score": 0.5740031716478659,
    "final_score": 0.7706614258218687,
    "metrics": {
        "area_ratio": 0.3048591613769531,
        "num_components": 2,
        "balance_diff": 0.24339001714275518,
        "height_ratio": 0.80859375,
        "solidity": 1.0,
        "smoothness": 2790764.262922433
    }
}