{
    "image_id": "No Finding_generated_50",
    "dice_pseudo": 0.9804856154900733,
    "anatomical_score": 0.5792028061639183,
    "final_score": 0.7798442108269958,
    "metrics": {
        "area_ratio": 0.3015098571777344,
        "num_components": 2,
        "balance_diff": 0.11600602234338542,
        "height_ratio": 0.72265625,
        "solidity": 1.0,
        "smoothness": 2833967.5147708305
    }
}