{
    "image_id": "Pleural_Thickening_generated_64",
    "dice_pseudo": 0.9840065133094384,
    "anatomical_score": 0.5792355228573459,
    "final_score": 0.7816210180833922,
    "metrics": {
        "area_ratio": 0.27687835693359375,
        "num_components": 2,
        "balance_diff": 0.10363450993357808,
        "height_ratio": 0.7421875,
        "solidity": 1.0,
        "smoothness": 2828956.603909671
    }
}